"participant","n_trial","slow10000","num.300","num.400","mean.tot","p_correct_block.practice_MappingA","p_correct_block.practice_MappingB","p_correct_block.test_MappingA","p_correct_block.test_MappingB","p_correct_bpool.practice","p_correct_bpool.test","prop_correct_cond.MappingA","prop_correct_cond.MappingB","p_correct_tot","d_practice_3","d_test_3","dscore_3","cond_ord","legendMappingA","legendMappingB"
"1",120,0,0,0,1223.31666666667,1,1,1,1,1,1,1,1,1,0.638882447180023,0.79657157479991,0.717727010989967,"MappingA_First","practiceWhitegood_and_testWhitegood","practiceWhitebad_and_testWhitebad"
"10",120,0,1,4,742.266666666667,1,0.8,0.95,0.75,0.9,0.85,0.966666666666667,0.766666666666667,0.866666666666667,1.02002453508369,0.863654387426916,0.941839461255304,"MappingA_First","practiceWhitegood_and_testWhitegood","practiceWhitebad_and_testWhitebad"
"11",120,0,1,1,960.766666666667,1,0.9,1,0.9,0.95,0.95,1,0.9,0.95,1.53136718601841,1.14902036669763,1.34019377635802,"MappingA_First","practiceWhitegood_and_testWhitegood","practiceWhitebad_and_testWhitebad"
"12",120,0,0,0,1067.05833333333,1,0.8,0.975,0.75,0.9,0.8625,0.983333333333333,0.766666666666667,0.875,0.708997211245535,1.00266220866403,0.855829709954782,"MappingA_First","practiceWhitegood_and_testWhitegood","practiceWhitebad_and_testWhitebad"
"13",120,0,0,2,814.708333333333,0.95,0.9,0.925,0.85,0.925,0.8875,0.933333333333333,0.866666666666667,0.9,0.442551428969645,0.786998385660775,0.61477490731521,"MappingB_First","practiceWhitegood_and_testWhitegood","practiceWhitebad_and_testWhitebad"
"14",120,0,0,3,834.316666666667,1,0.55,0.925,0.85,0.775,0.8875,0.95,0.75,0.85,1.49419615559217,1.26640414886684,1.3803001522295,"MappingB_First","practiceWhitegood_and_testWhitegood","practiceWhitebad_and_testWhitebad"
"15",120,0,0,0,753.9,1,0.95,0.975,0.85,0.975,0.9125,0.983333333333333,0.883333333333333,0.933333333333333,0.638378240568189,0.937038164854034,0.787708202711112,"MappingB_First","practiceWhitegood_and_testWhitegood","practiceWhitebad_and_testWhitebad"
"16",120,0,0,0,996.225,0.95,0.85,0.85,0.925,0.9,0.8875,0.883333333333333,0.9,0.891666666666667,1.15721681306978,0.112138621946081,0.634677717507933,"MappingB_First","practiceWhitegood_and_testWhitegood","practiceWhitebad_and_testWhitebad"
"17",120,0,0,0,1049.46666666667,1,0.85,1,0.9,0.925,0.95,1,0.883333333333333,0.941666666666667,1.34010817992181,1.23772028036651,1.28891423014416,"MappingA_First","practiceWhitegood_and_testWhitegood","practiceWhitebad_and_testWhitebad"
"18",120,0,0,0,956.958333333333,1,0.95,0.95,0.825,0.975,0.8875,0.966666666666667,0.866666666666667,0.916666666666667,1.10197525680633,1.03624706326988,1.0691111600381,"MappingA_First","practiceWhitegood_and_testWhitegood","practiceWhitebad_and_testWhitebad"
"19",120,0,0,11,623.175,1,0.8,0.95,0.9,0.9,0.925,0.966666666666667,0.866666666666667,0.916666666666667,1.21707913572174,0.789533108782379,1.00330612225206,"MappingA_First","practiceWhitegood_and_testWhitegood","practiceWhitebad_and_testWhitebad"
"2",120,0,0,5,794.366666666667,1,0.9,1,0.9,0.95,0.95,1,0.9,0.95,1.22957400363975,1.34060893533182,1.28509146948579,"MappingA_First","practiceWhitegood_and_testWhitegood","practiceWhitebad_and_testWhitebad"
"20",120,0,0,0,854.3,1,0.85,1,0.9,0.925,0.95,1,0.883333333333333,0.941666666666667,0.891250340861482,0.966887556557052,0.929068948709267,"MappingA_First","practiceWhitegood_and_testWhitegood","practiceWhitebad_and_testWhitebad"
"21",120,0,0,0,835.25,1,0.9,0.95,0.8,0.95,0.875,0.966666666666667,0.833333333333333,0.9,1.17802338152808,0.707649488378548,0.942836434953316,"MappingB_First","practiceWhitegood_and_testWhitegood","practiceWhitebad_and_testWhitebad"
"22",120,0,0,0,861.933333333333,0.95,0.85,0.9,0.9,0.9,0.9,0.916666666666667,0.883333333333333,0.9,1.21978808464747,0.228896509024539,0.724342296836006,"MappingB_First","practiceWhitegood_and_testWhitegood","practiceWhitebad_and_testWhitebad"
"23",120,0,0,0,813.283333333333,1,0.8,0.975,0.925,0.9,0.95,0.983333333333333,0.883333333333333,0.933333333333333,1.19577578073491,1.11381725124663,1.15479651599077,"MappingB_First","practiceWhitegood_and_testWhitegood","practiceWhitebad_and_testWhitebad"
"24",120,0,0,0,765.758333333333,0.95,1,0.975,0.825,0.975,0.9,0.966666666666667,0.883333333333333,0.925,-0.0681709359732042,0.556905724339665,0.24436739418323,"MappingB_First","practiceWhitegood_and_testWhitegood","practiceWhitebad_and_testWhitebad"
"25",120,0,0,0,1051.79166666667,1,0.85,0.975,0.75,0.925,0.8625,0.983333333333333,0.783333333333333,0.883333333333333,1.00044826681209,1.33308609439144,1.16676718060176,"MappingA_First","practiceWhitegood_and_testWhitegood","practiceWhitebad_and_testWhitebad"
"26",120,0,0,0,778.183333333333,1,0.8,0.925,0.825,0.9,0.875,0.95,0.816666666666667,0.883333333333333,0.961144531672676,0.819147793009267,0.890146162340972,"MappingA_First","practiceWhitegood_and_testWhitegood","practiceWhitebad_and_testWhitebad"
"27",120,0,0,0,831.175,0.95,0.8,0.975,0.925,0.875,0.95,0.966666666666667,0.883333333333333,0.925,1.30872086286353,1.09058164966063,1.19965125626208,"MappingA_First","practiceWhitegood_and_testWhitegood","practiceWhitebad_and_testWhitebad"
"28",120,0,0,7,884.033333333333,0.95,0.55,0.9,0.625,0.75,0.7625,0.916666666666667,0.6,0.758333333333333,1.36248575233174,1.32485137897239,1.34366856565207,"MappingA_First","practiceWhitegood_and_testWhitegood","practiceWhitebad_and_testWhitebad"
"29",120,0,2,21,566.416666666667,0.95,0.95,0.875,0.85,0.95,0.8625,0.9,0.883333333333333,0.891666666666667,0.922892863961532,0.863792312312333,0.893342588136933,"MappingB_First","practiceWhitegood_and_testWhitegood","practiceWhitebad_and_testWhitebad"
"3",120,0,0,1,763.925,0.95,0.8,0.95,0.825,0.875,0.8875,0.95,0.816666666666667,0.883333333333333,0.220550500375239,1.06580948903849,0.643179994706865,"MappingA_First","practiceWhitegood_and_testWhitegood","practiceWhitebad_and_testWhitebad"
"30",120,0,0,1,619.308333333333,1,0.9,0.9,0.9,0.95,0.9,0.933333333333333,0.9,0.916666666666667,1.01224531574128,0.421125981160274,0.716685648450777,"MappingB_First","practiceWhitegood_and_testWhitegood","practiceWhitebad_and_testWhitebad"
"31",120,0,0,0,856.475,1,1,1,0.975,1,0.9875,1,0.983333333333333,0.991666666666667,0.244701356040704,0.331717093747845,0.288209224894274,"MappingB_First","practiceWhitegood_and_testWhitegood","practiceWhitebad_and_testWhitebad"
"32",120,0,0,1,783.858333333333,1,0.95,0.95,0.975,0.975,0.9625,0.966666666666667,0.966666666666667,0.966666666666667,0.437016093978404,0.524799729492821,0.480907911735612,"MappingB_First","practiceWhitegood_and_testWhitegood","practiceWhitebad_and_testWhitebad"
"33",120,0,0,0,1152.74166666667,0.95,0.65,0.925,0.775,0.8,0.85,0.933333333333333,0.733333333333333,0.833333333333333,1.55891061178421,1.55984559632,1.55937810405211,"MappingA_First","practiceWhitegood_and_testWhitegood","practiceWhitebad_and_testWhitebad"
"34",120,0,0,0,1158.10833333333,1,0.85,0.975,0.825,0.925,0.9,0.983333333333333,0.833333333333333,0.908333333333333,1.25004303176324,1.24106245837339,1.24555274506832,"MappingA_First","practiceWhitegood_and_testWhitegood","practiceWhitebad_and_testWhitebad"
"35",120,0,0,0,1002.64166666667,1,0.9,0.975,1,0.95,0.9875,0.983333333333333,0.966666666666667,0.975,1.18516923133294,1.10164139296113,1.14340531214704,"MappingA_First","practiceWhitegood_and_testWhitegood","practiceWhitebad_and_testWhitebad"
"36",120,0,0,0,779.4,1,0.9,1,0.925,0.95,0.9625,1,0.916666666666667,0.958333333333333,0.234937111400788,0.322804486605293,0.278870799003041,"MappingA_First","practiceWhitegood_and_testWhitegood","practiceWhitebad_and_testWhitebad"
"37",120,0,0,0,677.283333333333,1,1,0.95,0.925,1,0.9375,0.966666666666667,0.95,0.958333333333333,1.52489552386139,1.19661063548775,1.36075307967457,"MappingB_First","practiceWhitegood_and_testWhitegood","practiceWhitebad_and_testWhitebad"
"38",120,0,0,0,842.666666666667,0.95,0.95,0.975,0.9,0.95,0.9375,0.966666666666667,0.916666666666667,0.941666666666667,0.795156076416456,0.763790161373905,0.77947311889518,"MappingB_First","practiceWhitegood_and_testWhitegood","practiceWhitebad_and_testWhitebad"
"39",120,0,0,1,714.466666666667,0.95,0.95,0.925,0.825,0.95,0.875,0.933333333333333,0.866666666666667,0.9,1.18710534742125,0.953061831227478,1.07008358932437,"MappingB_First","practiceWhitegood_and_testWhitegood","practiceWhitebad_and_testWhitebad"
"4",120,0,0,0,873.241666666667,0.95,0.8,0.975,0.825,0.875,0.9,0.966666666666667,0.816666666666667,0.891666666666667,1.44826889891658,1.43571025028142,1.441989574599,"MappingA_First","practiceWhitegood_and_testWhitegood","practiceWhitebad_and_testWhitebad"
"40",120,0,0,0,1161.70833333333,1,0.85,0.95,0.8,0.925,0.875,0.966666666666667,0.816666666666667,0.891666666666667,1.48815719531602,1.122961779189,1.30555948725251,"MappingB_First","practiceWhitegood_and_testWhitegood","practiceWhitebad_and_testWhitebad"
"41",120,0,0,0,909.416666666667,1,0.85,0.975,0.9,0.925,0.9375,0.983333333333333,0.883333333333333,0.933333333333333,1.6759076810162,0.915997249090925,1.29595246505356,"MappingA_First","practiceWhitegood_and_testWhitegood","practiceWhitebad_and_testWhitebad"
"42",120,0,0,1,784.583333333333,0.95,0.95,0.95,0.925,0.95,0.9375,0.95,0.933333333333333,0.941666666666667,0.0403637243738892,-0.446843374888575,-0.203239825257343,"MappingA_First","practiceWhitegood_and_testWhitegood","practiceWhitebad_and_testWhitebad"
"43",120,0,0,0,1011.8,0.8,0.8,0.925,0.65,0.8,0.7875,0.883333333333333,0.7,0.791666666666667,-0.116313233113091,1.29359503059068,0.588640898738794,"MappingA_First","practiceWhitegood_and_testWhitegood","practiceWhitebad_and_testWhitebad"
"44",120,0,0,0,570.258333333333,0.95,1,0.975,0.775,0.975,0.875,0.966666666666667,0.85,0.908333333333333,0.287018667704465,1.29237906576695,0.789698866735709,"MappingA_First","practiceWhitegood_and_testWhitegood","practiceWhitebad_and_testWhitebad"
"45",120,0,0,0,1118.15833333333,0.95,1,1,1,0.975,1,0.983333333333333,1,0.991666666666667,0.905712923243839,0.3896811979873,0.64769706061557,"MappingB_First","practiceWhitegood_and_testWhitegood","practiceWhitebad_and_testWhitebad"
"46",120,0,0,0,1198.325,1,0.95,0.9,0.875,0.975,0.8875,0.933333333333333,0.9,0.916666666666667,1.36506208774502,-0.193657797214061,0.585702145265482,"MappingB_First","practiceWhitegood_and_testWhitegood","practiceWhitebad_and_testWhitebad"
"47",120,0,1,1,682.491666666667,0.9,0.95,0.9,0.875,0.925,0.8875,0.9,0.9,0.9,1.02142445049623,0.421696859316488,0.721560654906357,"MappingB_First","practiceWhitegood_and_testWhitegood","practiceWhitebad_and_testWhitebad"
"48",120,0,0,1,745.833333333333,0.95,0.7,0.95,0.825,0.825,0.8875,0.95,0.783333333333333,0.866666666666667,1.09537160831325,1.26719465993754,1.1812831341254,"MappingB_First","practiceWhitegood_and_testWhitegood","practiceWhitebad_and_testWhitebad"
"49",120,0,0,0,879.833333333333,1,0.9,0.95,0.875,0.95,0.9125,0.966666666666667,0.883333333333333,0.925,0.616208463233232,0.47751346200168,0.546860962617456,"MappingA_First","practiceWhitegood_and_testWhitegood","practiceWhitebad_and_testWhitebad"
"5",120,0,0,0,894.533333333333,0.95,0.75,0.95,0.775,0.85,0.8625,0.95,0.766666666666667,0.858333333333333,0.947497478442397,0.691231715443573,0.819364596942985,"MappingB_First","practiceWhitegood_and_testWhitegood","practiceWhitebad_and_testWhitebad"
"50",120,0,0,0,927.425,0.95,0.9,1,0.825,0.925,0.9125,0.983333333333333,0.85,0.916666666666667,0.505788403976072,0.865673109849328,0.6857307569127,"MappingA_First","practiceWhitegood_and_testWhitegood","practiceWhitebad_and_testWhitebad"
"51",120,0,1,1,725.216666666667,0.95,1,0.925,0.75,0.975,0.8375,0.933333333333333,0.833333333333333,0.883333333333333,0.365185855050451,0.85045617875583,0.60782101690314,"MappingA_First","practiceWhitegood_and_testWhitegood","practiceWhitebad_and_testWhitebad"
"52",120,0,0,0,1092.95,1,0.95,1,0.925,0.975,0.9625,1,0.933333333333333,0.966666666666667,0.663314205585777,0.241371233796751,0.452342719691264,"MappingA_First","practiceWhitegood_and_testWhitegood","practiceWhitebad_and_testWhitebad"
"53",120,0,0,0,768.183333333333,1,0.85,0.975,0.875,0.925,0.925,0.983333333333333,0.866666666666667,0.925,0.996252571646319,0.768666324980078,0.882459448313199,"MappingB_First","practiceWhitegood_and_testWhitegood","practiceWhitebad_and_testWhitebad"
"54",120,0,0,0,957.158333333333,0.9,0.95,1,0.95,0.925,0.975,0.966666666666667,0.95,0.958333333333333,0.510292088821654,0.430096319557805,0.470194204189729,"MappingB_First","practiceWhitegood_and_testWhitegood","practiceWhitebad_and_testWhitebad"
"55",120,0,0,0,996.433333333333,1,0.85,0.975,0.925,0.925,0.95,0.983333333333333,0.9,0.941666666666667,1.22989514657241,0.682514711124314,0.956204928848361,"MappingB_First","practiceWhitegood_and_testWhitegood","practiceWhitebad_and_testWhitebad"
"56",120,0,0,0,812.891666666667,1,0.95,0.925,0.95,0.975,0.9375,0.95,0.95,0.95,0.536664264128405,0.858014248386723,0.697339256257564,"MappingB_First","practiceWhitegood_and_testWhitegood","practiceWhitebad_and_testWhitebad"
"57",120,0,0,1,732.208333333333,0.95,0.75,1,0.9,0.85,0.95,0.983333333333333,0.85,0.916666666666667,1.26571685607978,1.05505049229177,1.16038367418577,"MappingA_First","practiceWhitegood_and_testWhitegood","practiceWhitebad_and_testWhitebad"
"58",120,0,0,0,757.583333333333,0.95,0.8,0.95,0.875,0.875,0.9125,0.95,0.85,0.9,0.99663150362772,0.496872609829899,0.746752056728809,"MappingA_First","practiceWhitegood_and_testWhitegood","practiceWhitebad_and_testWhitebad"
"59",120,0,0,1,775.341666666667,1,0.8,0.975,0.9,0.9,0.9375,0.983333333333333,0.866666666666667,0.925,0.416616235113545,0.499578891295195,0.45809756320437,"MappingA_First","practiceWhitegood_and_testWhitegood","practiceWhitebad_and_testWhitebad"
"6",120,0,0,0,696.058333333333,1,1,0.95,0.975,1,0.9625,0.966666666666667,0.983333333333333,0.975,0.575103527307394,0.831133766164541,0.703118646735967,"MappingB_First","practiceWhitegood_and_testWhitegood","practiceWhitebad_and_testWhitebad"
"60",120,0,0,9,616.441666666667,1,0.9,0.975,0.925,0.95,0.95,0.983333333333333,0.916666666666667,0.95,0.0643803151295091,-0.144754635102324,-0.0401871599864073,"MappingA_First","practiceWhitegood_and_testWhitegood","practiceWhitebad_and_testWhitebad"
"61",120,0,0,0,1290.43333333333,0.9,0.7,1,0.775,0.8,0.8875,0.966666666666667,0.75,0.858333333333333,1.18450785268447,1.38906274844237,1.28678530056342,"MappingB_First","practiceWhitegood_and_testWhitegood","practiceWhitebad_and_testWhitebad"
"62",120,0,0,0,834.416666666667,1,0.85,0.975,0.95,0.925,0.9625,0.983333333333333,0.916666666666667,0.95,1.49576170699439,1.49394596729306,1.49485383714373,"MappingB_First","practiceWhitegood_and_testWhitegood","practiceWhitebad_and_testWhitebad"
"63",120,0,0,2,1005.69166666667,1,0.95,0.925,0.975,0.975,0.95,0.95,0.966666666666667,0.958333333333333,0.176299313550006,0.143267986306896,0.159783649928451,"MappingB_First","practiceWhitegood_and_testWhitegood","practiceWhitebad_and_testWhitebad"
"64",120,0,0,1,939.158333333333,0.9,0.95,0.975,0.9,0.925,0.9375,0.95,0.916666666666667,0.933333333333333,0.805759550267443,0.590969717189447,0.698364633728445,"MappingB_First","practiceWhitegood_and_testWhitegood","practiceWhitebad_and_testWhitebad"
"65",120,0,0,0,872.866666666667,1,0.85,1,0.975,0.925,0.9875,1,0.933333333333333,0.966666666666667,1.15237577188677,0.838633131419727,0.995504451653247,"MappingA_First","practiceWhitegood_and_testWhitegood","practiceWhitebad_and_testWhitebad"
"7",120,0,0,2,733.383333333333,1,0.9,0.95,0.95,0.95,0.95,0.966666666666667,0.933333333333333,0.95,0.645036365240879,0.509058227735221,0.57704729648805,"MappingB_First","practiceWhitegood_and_testWhitegood","practiceWhitebad_and_testWhitebad"
"8",120,0,0,0,848.475,1,0.95,0.975,0.85,0.975,0.9125,0.983333333333333,0.883333333333333,0.933333333333333,0.277212337281429,1.16272597696018,0.719969157120806,"MappingB_First","practiceWhitegood_and_testWhitegood","practiceWhitebad_and_testWhitebad"
"9",120,0,0,0,865.875,0.95,0.75,0.975,0.8,0.85,0.8875,0.966666666666667,0.783333333333333,0.875,1.7779055423065,1.13367260415571,1.4557890732311,"MappingA_First","practiceWhitegood_and_testWhitegood","practiceWhitebad_and_testWhitebad"
