"subject","sesso","et<e0>","occupazio","edu","dieta","pol1","pol2"
1,"Maschio",21,"stud","sup","no",3,2
2,"Maschio",31,"stud","magistrale","forma",3,5
3,"Femmina",21,"stud","sup","no",3,2
4,"Femmina",21,"stud","sup","no",2,3
5,"Femmina",21,"stud","sup","no",4,4
6,"Maschio",20,"stud","sup","no",3,2
7,"Maschio",20,"stud","sup","no",2,3
8,"Maschio",19,"stud","sup","no",3,2
9,"Femmina",20,"stud","sup","no",3,1
10,"Femmina",20,"stud","sup","no",3,2
11,"Femmina",20,"stud","sup","veggie",2,1
12,"Maschio",22,"stud","sup","no",3,4
13,"Maschio",22,"stud","sup","no",3,4
14,"Femmina",22,"stud","sup","no",3,2
15,"Maschio",21,"stud","sup","no",3,2
16,"Femmina",21,"stud/lav","sup","forma",3,4
17,"Femmina",21,"stud","sup","no",3,4
18,"Femmina",21,"stud","sup","no",3,5
19,"Maschio",21,"stud","sup","forma",1,5
20,"Femmina",21,"stud/lav","sup","no",3,4
21,"Femmina",21,"stud","sup","no",3,2
22,"Femmina",21,"stud","sup","no",3,4
23,"Femmina",21,"stud","sup","no",3,5
24,"Femmina",19,"stud","sup","no",3,3
25,"Femmina",21,"stud","sup","sport",3,2
26,"Femmina",21,"stud/lav","sup","peso",3,4
27,"Femmina",21,"stud/lav","sup","no",2,3
28,"Femmina",22,"stud","sup","no",3,4
29,"Maschio",23,"stud","triennale","veggie",3,2
30,"Femmina",21,"stud/lav","sup","no",3,4
31,"Femmina",19,"stud","sup","no",4,2
32,"Maschio",22,"stud","sup","no",3,2
33,"Femmina",21,"stud","sup","no",3,3
34,"Maschio",23,"stud/lav","sup","no",5,4
35,"Femmina",22,"stud/lav","sup","no",3,1
36,"Femmina",21,"stud","sup","no",2,4
37,"Femmina",21,"stud/lav","sup","no",1,6
38,"Femmina",21,"stud","sup","forma",4,2
39,"Femmina",20,"stud","sup","no",3,1
40,"Maschio",20,"stud","sup","no",2,4
41,"Femmina",24,"stud","triennale","no",4,3
42,"Maschio",24,"stud","triennale","no",2,3
43,"Femmina",22,"stud","triennale","peso",3,4
44,"Femmina",24,"stud","triennale","no",3,4
45,"Femmina",22,"stud","sup","no",3,2
46,"Femmina",21,"stud","sup","no",3,4
47,"Femmina",23,"stud","triennale","no",3,2
48,"Maschio",23,"stud","sup","no",3,2
49,"Femmina",24,"stud","triennale","veggie",3,3
50,"Femmina",23,"stud","triennale","no",3,2
51,"Femmina",23,"stud","triennale","no",3,2
52,"Femmina",27,"lavD","magistrale","no",3,2
53,"Femmina",23,"stud","triennale","no",3,4
54,"Maschio",25,"stud/lav","magistrale","no",3,4
55,"Maschio",26,"stud/lav","triennale","no",3,4
56,"Maschio",25,"stud","sup","no",3,4
57,"Femmina",24,"stud","triennale","no",3,2
58,"Femmina",24,"stud","magistrale","no",3,3
59,"Femmina",26,"stud","triennale","forma",3,1
60,"Maschio",29,"stud","magistrale","no",3,2
61,"Maschio",27,"lavD","magistrale","veggie",2,4
62,"Maschio",18,"stud","sup","no",3,2
63,"Maschio",27,"stud","triennale","no",3,3
64,"Maschio",32,"lavD","dottorato","no",3,4
65,"Maschio",25,"lavA","magistrale","no",3,2
66,"Maschio",29,"stud","magistrale","peso",2,5
67,"Femmina",25,"stud","triennale","no",3,3
68,"Maschio",20,"stud/lav","sup","no",4,2
69,"Maschio",22,"stud","sup","no",2,5
70,"Femmina",24,"stud/lav","triennale","no",3,1
71,"Femmina",25,"stud/lav","triennale","forma",3,5
72,"Femmina",26,"dis","magistrale","forma",2,5
73,"Femmina",24,"stud","triennale","forma",3,3
74,"Femmina",29,"lavD","dottorato","forma",2,2
75,"Femmina",27,"lavD","magistrale","no",3,2
76,"Maschio",31,"lavD","dottorato","no",3,2
77,"Maschio",26,"stud","triennale","no",3,2
78,"Femmina",23,"stud","triennale","veggie",2,3
79,"Maschio",25,"stud","triennale","no",3,3
80,"Maschio",25,"stud","triennale","no",3,3
81,"Maschio",25,"stud","triennale","no",4,4
82,"Femmina",28,"stud","magistrale","no",5,2
83,"Femmina",27,"stud","magistrale","no",3,2
84,"Femmina",22,"stud","triennale","no",5,1
85,"Femmina",24,"stud","triennale","no",3,3
86,"Maschio",21,"stud","sup","no",3,3
87,"Femmina",27,"stud/lav","triennale","no",4,2
88,"Maschio",24,"stud","triennale","forma",3,3
89,"Maschio",21,"stud","sup","no",3,3
90,"Femmina",23,"stud","triennale","no",3,2
91,"Femmina",21,"stud","sup","no",3,3
92,"Femmina",24,"stud/lav","magistrale","forma",3,1
93,"Maschio",22,"stud","sup","no",3,5
94,"Maschio",24,"stud","sup","no",3,3
95,"Femmina",20,"stud","sup","no",3,3
96,"Maschio",20,"stud","sup","forma",4,1
97,"Femmina",21,"stud","sup","no",4,1
98,"Femmina",19,"stud","sup","forma",3,4
99,"Femmina",20,"stud","sup","veggie",3,3
100,"Femmina",22,"stud","sup","no",3,4
101,"Maschio",21,"stud","sup","no",2,5
102,"Maschio",20,"stud","sup","no",3,2
103,"Femmina",20,"stud","sup","no",3,4
104,"Femmina",20,"stud","sup","no",3,3
105,"Maschio",25,"stud/lav","sup","peso",3,2
106,"Femmina",21,"stud","sup","no",3,3
107,"Maschio",20,"stud","sup","no",2,3
108,"Femmina",20,"stud/lav","sup","forma",3,4
109,"Femmina",22,"stud","triennale","no",3,3
110,"Femmina",45,"stud/lav","triennale","forma",3,4
111,"Femmina",21,"stud","sup","no",3,3
112,"Femmina",20,"stud","sup","forma",3,4
113,"Femmina",20,"stud","sup","veggie",3,3
114,"Femmina",20,"stud","sup","no",3,2
115,"Femmina",20,"stud","sup","forma",3,2
116,"Femmina",20,"stud/lav","sup","no",3,3
117,"Maschio",22,"stud","sup","no",2,3
118,"Femmina",20,"stud","sup","veggie",3,2
119,"Maschio",20,"stud","sup","no",3,3
120,"Maschio",20,"stud","sup","no",3,3
121,"Femmina",20,"stud","sup","no",3,1
122,"Femmina",20,"stud","sup","no",3,2
123,"Femmina",21,"stud/lav","sup","no",3,4
124,"Femmina",20,"stud","sup","veggie",3,3
125,"Maschio",21,"stud","sup","no",3,4
126,"Maschio",25,"stud/lav","sup","forma",3,2
127,"Femmina",20,"stud","sup","no",3,3
128,"Femmina",22,"stud","sup","no",3,5
129,"Femmina",20,"stud","sup","no",3,3
130,"Femmina",19,"stud","sup","no",3,2
131,"Femmina",19,"stud","sup","veggie",3,2
132,"Femmina",20,"stud","sup","forma",3,5
133,"Maschio",26,"lavA","magistrale","no",3,5
134,"Femmina",20,"stud","sup","forma",4,2
135,"Femmina",21,"stud","sup","no",3,4
136,"Maschio",22,"stud","sup","no",3,3
137,"Femmina",19,"stud","sup","no",3,2
138,"Femmina",21,"stud","sup","no",2,4
139,"Femmina",20,"stud","sup","no",3,3
140,"Maschio",26,"stud","triennale","no",3,4
141,"Maschio",21,"stud","sup","no",4,3
142,"Femmina",21,"stud","sup","forma",4,1
