"participant","n_trial","slow10000","num.300","num.400","mean.tot","p_correct_block.practice_MappingA","p_correct_block.practice_MappingB","p_correct_block.test_MappingA","p_correct_block.test_MappingB","p_correct_bpool.practice","p_correct_bpool.test","prop_correct_cond.MappingA","prop_correct_cond.MappingB","p_correct_tot","d_practice_4","d_test_4","dscore_4","cond_ord","legendMappingA","legendMappingB"
"1",120,0,0,1,655.65,1,1,0.95,0.975,1,0.9625,0.966666666666667,0.983333333333333,0.975,-1.00062841466603,-0.532336466582847,-0.766482440624437,"MappingA_First","PracticeWhitebad_and_TestWhitebad","PracticeWhitegood_and_TestWhitegood"
"10",120,0,0,1,759.541666666667,0.8,1,0.975,0.975,0.9,0.975,0.916666666666667,0.983333333333333,0.95,-1.28871956954638,-0.791738909559035,-1.04022923955271,"MappingB_First","PracticeWhitebad_and_TestWhitebad","PracticeWhitegood_and_TestWhitegood"
"100",120,0,0,1,614.325,0.8,1,0.9,0.95,0.9,0.925,0.866666666666667,0.966666666666667,0.916666666666667,-1.04750316890562,-0.618814441182725,-0.833158805044173,"MappingB_First","PracticeWhitebad_and_TestWhitebad","PracticeWhitegood_and_TestWhitegood"
"101",120,0,0,1,872.516666666667,1,0.95,0.95,1,0.975,0.975,0.966666666666667,0.983333333333333,0.975,-0.54672926858394,-0.463875082537845,-0.505302175560892,"MappingB_First","PracticeWhitebad_and_TestWhitebad","PracticeWhitegood_and_TestWhitegood"
"102",120,0,0,11,560.925,1,0.95,1,0.95,0.975,0.975,1,0.95,0.975,-0.415170750637501,-0.0966406536644254,-0.255905702150963,"MappingA_First","PracticeWhitebad_and_TestWhitebad","PracticeWhitegood_and_TestWhitegood"
"103",120,0,0,1,683.7,0.95,1,0.95,0.925,0.975,0.9375,0.95,0.95,0.95,-0.635948832249094,0.0838414474871744,-0.27605369238096,"MappingB_First","PracticeWhitebad_and_TestWhitebad","PracticeWhitegood_and_TestWhitegood"
"104",120,0,0,1,697.916666666667,1,1,1,1,1,1,1,1,1,-0.710920357463992,-0.309702985214451,-0.510311671339222,"MappingA_First","PracticeWhitebad_and_TestWhitebad","PracticeWhitegood_and_TestWhitegood"
"105",120,0,0,3,645.316666666667,0.95,0.95,0.975,0.925,0.95,0.95,0.966666666666667,0.933333333333333,0.95,-0.806324859772736,0.126257258298313,-0.340033800737211,"MappingA_First","PracticeWhitebad_and_TestWhitebad","PracticeWhitegood_and_TestWhitegood"
"106",120,0,0,4,642.741666666667,0.85,1,0.95,0.975,0.925,0.9625,0.916666666666667,0.983333333333333,0.95,-0.710692366476001,-0.542524789386553,-0.626608577931277,"MappingB_First","PracticeWhitebad_and_TestWhitebad","PracticeWhitegood_and_TestWhitegood"
"107",120,0,0,7,600.016666666667,0.9,1,1,0.975,0.95,0.9875,0.966666666666667,0.983333333333333,0.975,-0.760670771737885,-0.645421594378593,-0.703046183058239,"MappingA_First","PracticeWhitebad_and_TestWhitebad","PracticeWhitegood_and_TestWhitegood"
"108",120,0,0,1,741.983333333333,0.85,1,0.925,0.95,0.925,0.9375,0.9,0.966666666666667,0.933333333333333,-0.797185400269433,-0.550269706716077,-0.673727553492755,"MappingB_First","PracticeWhitebad_and_TestWhitebad","PracticeWhitegood_and_TestWhitegood"
"109",120,0,0,0,822.608333333333,1,1,1,1,1,1,1,1,1,0.368108935887583,-0.407931977080688,-0.0199115205965521,"MappingB_First","PracticeWhitebad_and_TestWhitebad","PracticeWhitegood_and_TestWhitegood"
"11",120,0,0,0,864.35,0.95,0.95,0.925,1,0.95,0.9625,0.933333333333333,0.983333333333333,0.958333333333333,0.212517327807966,-0.535412813330401,-0.161447742761217,"MappingA_First","PracticeWhitebad_and_TestWhitebad","PracticeWhitegood_and_TestWhitegood"
"110",120,0,1,6,798.675,1,1,0.9,0.875,1,0.8875,0.933333333333333,0.916666666666667,0.925,-0.967077476583238,0.21857033524103,-0.374253570671104,"MappingA_First","PracticeWhitebad_and_TestWhitebad","PracticeWhitegood_and_TestWhitegood"
"111",120,0,0,6,792.683333333333,0.95,0.95,0.85,0.925,0.95,0.8875,0.883333333333333,0.933333333333333,0.908333333333333,-0.680377936591264,-0.993696016256152,-0.837036976423708,"MappingB_First","PracticeWhitebad_and_TestWhitebad","PracticeWhitegood_and_TestWhitegood"
"112",120,0,0,0,837.95,0.85,0.95,0.975,0.975,0.9,0.975,0.933333333333333,0.966666666666667,0.95,-0.784176720306942,-0.554187559901469,-0.669182140104205,"MappingA_First","PracticeWhitebad_and_TestWhitebad","PracticeWhitegood_and_TestWhitegood"
"113",120,0,0,2,886.491666666667,0.95,1,0.8,0.925,0.975,0.8625,0.85,0.95,0.9,-0.305583414694638,-0.490947510342476,-0.398265462518557,"MappingA_First","PracticeWhitebad_and_TestWhitebad","PracticeWhitegood_and_TestWhitegood"
"114",120,0,0,0,841.641666666667,0.95,1,0.95,0.95,0.975,0.95,0.95,0.966666666666667,0.958333333333333,-0.606046088637273,-0.451218823504188,-0.528632456070731,"MappingB_First","PracticeWhitebad_and_TestWhitebad","PracticeWhitegood_and_TestWhitegood"
"115",120,0,0,1,834.516666666667,0.85,0.95,1,0.975,0.9,0.9875,0.95,0.966666666666667,0.958333333333333,-0.717019708661727,-0.0393148585816999,-0.378167283621713,"MappingA_First","PracticeWhitebad_and_TestWhitebad","PracticeWhitegood_and_TestWhitegood"
"116",120,0,0,1,843.55,0.9,1,1,1,0.95,1,0.966666666666667,1,0.983333333333333,-0.0650710382074741,-0.113913613429121,-0.0894923258182974,"MappingB_First","PracticeWhitebad_and_TestWhitebad","PracticeWhitegood_and_TestWhitegood"
"117",120,0,0,4,973.366666666667,0.95,0.9,0.95,0.975,0.925,0.9625,0.95,0.95,0.95,0.432181480183951,-0.425571415616728,0.00330503228361129,"MappingB_First","PracticeWhitebad_and_TestWhitebad","PracticeWhitegood_and_TestWhitegood"
"118",120,0,0,1,901.966666666667,0.9,0.95,0.975,1,0.925,0.9875,0.95,0.983333333333333,0.966666666666667,-0.530515818487282,-0.360812633366102,-0.445664225926692,"MappingA_First","PracticeWhitebad_and_TestWhitebad","PracticeWhitegood_and_TestWhitegood"
"119",120,0,0,0,780.316666666667,0.9,0.85,0.9,0.95,0.875,0.925,0.9,0.916666666666667,0.908333333333333,-0.441758948286558,-0.691139478801251,-0.566449213543905,"MappingB_First","PracticeWhitebad_and_TestWhitebad","PracticeWhitegood_and_TestWhitegood"
"12",120,0,0,2,751.65,1,0.95,0.95,0.975,0.975,0.9625,0.966666666666667,0.966666666666667,0.966666666666667,-0.358604582935766,-0.411475582055962,-0.385040082495864,"MappingB_First","PracticeWhitebad_and_TestWhitebad","PracticeWhitegood_and_TestWhitegood"
"120",120,0,0,0,1099.73333333333,1,1,0.975,0.925,1,0.95,0.983333333333333,0.95,0.966666666666667,-0.174544961704848,0.0824111438465826,-0.0460669089291325,"MappingA_First","PracticeWhitebad_and_TestWhitebad","PracticeWhitegood_and_TestWhitegood"
"121",120,0,0,1,723.883333333333,1,1,0.95,1,1,0.975,0.966666666666667,1,0.983333333333333,-0.221531467714774,-0.459055077613212,-0.340293272663993,"MappingA_First","PracticeWhitebad_and_TestWhitebad","PracticeWhitegood_and_TestWhitegood"
"122",120,0,0,2,1002.35,0.95,0.95,0.975,0.975,0.95,0.975,0.966666666666667,0.966666666666667,0.966666666666667,-0.677672518228654,-0.98327624763681,-0.830474382932732,"MappingB_First","PracticeWhitebad_and_TestWhitebad","PracticeWhitegood_and_TestWhitegood"
"123",120,0,0,1,908.125,0.95,0.95,0.95,0.925,0.95,0.9375,0.95,0.933333333333333,0.941666666666667,-0.377011815745706,-0.503025524612912,-0.440018670179309,"MappingA_First","PracticeWhitebad_and_TestWhitebad","PracticeWhitegood_and_TestWhitegood"
"124",120,0,2,2,625.975,0.9,1,0.925,0.95,0.95,0.9375,0.916666666666667,0.966666666666667,0.941666666666667,-0.447653806808083,-0.172592377643438,-0.31012309222576,"MappingB_First","PracticeWhitebad_and_TestWhitebad","PracticeWhitegood_and_TestWhitegood"
"125",120,0,0,0,827.816666666667,1,1,0.975,1,1,0.9875,0.983333333333333,1,0.991666666666667,-0.296817220729375,-0.304620502752852,-0.300718861741113,"MappingB_First","PracticeWhitebad_and_TestWhitebad","PracticeWhitegood_and_TestWhitegood"
"126",120,0,0,8,715.4,0.9,0.95,0.875,0.9,0.925,0.8875,0.883333333333333,0.916666666666667,0.9,-0.4695715363751,-0.320720313315276,-0.395145924845188,"MappingA_First","PracticeWhitebad_and_TestWhitebad","PracticeWhitegood_and_TestWhitegood"
"127",120,0,0,0,991.241666666667,1,1,1,1,1,1,1,1,1,-0.0635606526816681,-0.580054528618486,-0.321807590650077,"MappingB_First","PracticeWhitebad_and_TestWhitebad","PracticeWhitegood_and_TestWhitegood"
"128",120,0,0,0,949.433333333333,1,1,1,1,1,1,1,1,1,-0.464809133065211,-0.810868102688092,-0.637838617876651,"MappingA_First","PracticeWhitebad_and_TestWhitebad","PracticeWhitegood_and_TestWhitegood"
"129",120,0,0,7,662.675,0.95,0.95,0.875,0.875,0.95,0.875,0.9,0.9,0.9,-0.410654746076475,-0.358468287360641,-0.384561516718558,"MappingA_First","PracticeWhitebad_and_TestWhitebad","PracticeWhitegood_and_TestWhitegood"
"13",120,0,0,0,818.566666666667,0.9,0.95,0.9,0.925,0.925,0.9125,0.9,0.933333333333333,0.916666666666667,-0.622807641157064,-0.273871896336514,-0.448339768746789,"MappingB_First","PracticeWhitebad_and_TestWhitebad","PracticeWhitegood_and_TestWhitegood"
"130",120,0,0,0,752.608333333333,0.85,1,1,1,0.925,1,0.95,1,0.975,-0.687858935995637,-0.320076960832079,-0.503967948413858,"MappingB_First","PracticeWhitebad_and_TestWhitebad","PracticeWhitegood_and_TestWhitegood"
"131",120,0,0,3,741.291666666667,0.9,0.95,0.95,0.9,0.925,0.925,0.933333333333333,0.916666666666667,0.925,-0.338693953948553,-0.12875934252787,-0.233726648238212,"MappingA_First","PracticeWhitebad_and_TestWhitebad","PracticeWhitegood_and_TestWhitegood"
"132",120,0,0,7,670.416666666667,0.85,0.95,0.95,0.9,0.9,0.925,0.916666666666667,0.916666666666667,0.916666666666667,-0.382924503386354,0.0365431507803098,-0.173190676303022,"MappingB_First","PracticeWhitebad_and_TestWhitebad","PracticeWhitegood_and_TestWhitegood"
"133",120,0,0,12,585.416666666667,0.9,0.95,0.925,0.95,0.925,0.9375,0.916666666666667,0.95,0.933333333333333,-0.915946358862593,-0.458401604194206,-0.687173981528399,"MappingB_First","PracticeWhitebad_and_TestWhitebad","PracticeWhitegood_and_TestWhitegood"
"134",120,0,0,1,791.883333333333,0.95,1,1,1,0.975,1,0.983333333333333,1,0.991666666666667,0.109230089285758,-0.296463094107009,-0.0936165024106252,"MappingA_First","PracticeWhitebad_and_TestWhitebad","PracticeWhitegood_and_TestWhitegood"
"135",120,0,0,1,821.291666666667,0.75,0.95,0.9,0.975,0.85,0.9375,0.85,0.966666666666667,0.908333333333333,-0.512612371762012,-1.08137250003591,-0.79699243589896,"MappingB_First","PracticeWhitebad_and_TestWhitebad","PracticeWhitegood_and_TestWhitegood"
"136",120,0,0,5,839.183333333333,0.8,1,0.95,0.95,0.9,0.95,0.9,0.966666666666667,0.933333333333333,-1.35660320051261,-0.662946696427728,-1.00977494847017,"MappingA_First","PracticeWhitebad_and_TestWhitebad","PracticeWhitegood_and_TestWhitegood"
"137",120,0,0,2,932.691666666667,0.85,1,0.85,1,0.925,0.925,0.85,1,0.925,-1.07172185609794,-0.574516395052026,-0.823119125574984,"MappingA_First","PracticeWhitebad_and_TestWhitebad","PracticeWhitegood_and_TestWhitegood"
"138",120,0,0,0,700.908333333333,0.95,0.95,0.975,1,0.95,0.9875,0.966666666666667,0.983333333333333,0.975,-0.629905837048634,-0.545964163128067,-0.58793500008835,"MappingB_First","PracticeWhitebad_and_TestWhitebad","PracticeWhitegood_and_TestWhitegood"
"139",120,0,0,0,782.116666666667,1,1,1,1,1,1,1,1,1,0.210979902108456,0.0535378611966976,0.132258881652577,"MappingA_First","PracticeWhitebad_and_TestWhitebad","PracticeWhitegood_and_TestWhitegood"
"14",120,0,0,1,958.816666666667,0.9,1,1,1,0.95,1,0.966666666666667,1,0.983333333333333,-0.904547921316649,-0.269859389078024,-0.587203655197336,"MappingA_First","PracticeWhitebad_and_TestWhitebad","PracticeWhitegood_and_TestWhitegood"
"140",120,0,0,0,866.466666666667,0.95,1,0.9,0.95,0.975,0.925,0.916666666666667,0.966666666666667,0.941666666666667,-0.67905910746569,-0.665042325440445,-0.672050716453067,"MappingB_First","PracticeWhitebad_and_TestWhitebad","PracticeWhitegood_and_TestWhitegood"
"141",120,0,0,4,900.55,0.9,0.85,0.975,0.925,0.875,0.95,0.95,0.9,0.925,-0.786887109459777,-0.186885686982353,-0.486886398221065,"MappingB_First","PracticeWhitebad_and_TestWhitebad","PracticeWhitegood_and_TestWhitegood"
"142",120,0,0,4,764.375,0.85,0.9,0.925,0.9,0.875,0.9125,0.9,0.9,0.9,-0.540663402578471,0.705700253054958,0.0825184252382439,"MappingA_First","PracticeWhitebad_and_TestWhitebad","PracticeWhitegood_and_TestWhitegood"
"15",120,0,0,0,909.641666666667,0.95,0.95,0.95,1,0.95,0.975,0.95,0.983333333333333,0.966666666666667,0.587404112072397,-0.448056529097451,0.069673791487473,"MappingB_First","PracticeWhitebad_and_TestWhitebad","PracticeWhitegood_and_TestWhitegood"
"16",120,0,0,0,839.325,0.9,1,0.975,0.975,0.95,0.975,0.95,0.983333333333333,0.966666666666667,-0.477617405677377,-0.113571917204836,-0.295594661441107,"MappingA_First","PracticeWhitebad_and_TestWhitebad","PracticeWhitegood_and_TestWhitegood"
"17",120,0,0,6,817.35,1,0.95,0.95,1,0.975,0.975,0.966666666666667,0.983333333333333,0.975,-1.24184829201832,-0.756763370966545,-0.999305831492433,"MappingA_First","PracticeWhitebad_and_TestWhitebad","PracticeWhitegood_and_TestWhitegood"
"18",120,0,0,2,699.783333333333,0.95,1,0.975,0.925,0.975,0.95,0.966666666666667,0.95,0.958333333333333,-0.827422304451553,0.338393486690014,-0.244514408880769,"MappingB_First","PracticeWhitebad_and_TestWhitebad","PracticeWhitegood_and_TestWhitegood"
"19",120,0,0,1,675.575,1,1,0.95,1,1,0.975,0.966666666666667,1,0.983333333333333,0.101504867441198,-0.0414590121610572,0.0300229276400704,"MappingA_First","PracticeWhitebad_and_TestWhitebad","PracticeWhitegood_and_TestWhitegood"
"2",120,0,0,4,610.383333333333,0.95,1,1,0.975,0.975,0.9875,0.983333333333333,0.983333333333333,0.983333333333333,-0.619045097604041,0.257626208277762,-0.180709444663139,"MappingB_First","PracticeWhitebad_and_TestWhitebad","PracticeWhitegood_and_TestWhitegood"
"20",120,0,0,0,1011.75,0.9,0.95,0.95,0.975,0.925,0.9625,0.933333333333333,0.966666666666667,0.95,-0.815963138568672,-0.482057210922325,-0.649010174745498,"MappingB_First","PracticeWhitebad_and_TestWhitebad","PracticeWhitegood_and_TestWhitegood"
"21",120,0,0,1,723.75,0.95,0.95,0.95,0.975,0.95,0.9625,0.95,0.966666666666667,0.958333333333333,-0.920516824030459,-0.817771731008845,-0.869144277519652,"MappingB_First","PracticeWhitebad_and_TestWhitebad","PracticeWhitegood_and_TestWhitegood"
"22",120,0,0,1,921.883333333333,1,0.95,0.825,0.975,0.975,0.9,0.883333333333333,0.966666666666667,0.925,-0.868303505415358,-0.198892146002865,-0.533597825709112,"MappingA_First","PracticeWhitebad_and_TestWhitebad","PracticeWhitegood_and_TestWhitegood"
"23",120,0,0,0,991.241666666667,0.95,0.95,0.95,1,0.95,0.975,0.95,0.983333333333333,0.966666666666667,-0.506264124896817,-0.772257049647595,-0.639260587272206,"MappingB_First","PracticeWhitebad_and_TestWhitebad","PracticeWhitegood_and_TestWhitegood"
"24",120,0,0,10,558.691666666667,1,1,0.95,0.975,1,0.9625,0.966666666666667,0.983333333333333,0.975,-0.708719971874604,-0.532288730496786,-0.620504351185695,"MappingA_First","PracticeWhitebad_and_TestWhitebad","PracticeWhitegood_and_TestWhitegood"
"25",120,0,0,3,750.983333333333,1,1,0.975,0.975,1,0.975,0.983333333333333,0.983333333333333,0.983333333333333,-0.472543108520618,-0.0824942912861699,-0.277518699903394,"MappingA_First","PracticeWhitebad_and_TestWhitebad","PracticeWhitegood_and_TestWhitegood"
"26",120,0,0,5,795.516666666667,0.85,0.9,0.875,0.9,0.875,0.8875,0.866666666666667,0.9,0.883333333333333,-0.376928951890048,0.0115151777997839,-0.182706887045132,"MappingB_First","PracticeWhitebad_and_TestWhitebad","PracticeWhitegood_and_TestWhitegood"
"27",120,0,0,1,671.675,0.95,1,0.925,0.975,0.975,0.95,0.933333333333333,0.983333333333333,0.958333333333333,-0.614123190387268,-0.761950939242055,-0.688037064814661,"MappingA_First","PracticeWhitebad_and_TestWhitebad","PracticeWhitegood_and_TestWhitegood"
"28",120,0,0,3,673.05,0.7,0.95,0.925,0.95,0.825,0.9375,0.85,0.95,0.9,-1.03683894327651,-0.530021299456501,-0.783430121366506,"MappingB_First","PracticeWhitebad_and_TestWhitebad","PracticeWhitegood_and_TestWhitegood"
"29",120,0,0,0,934.241666666667,1,1,0.975,1,1,0.9875,0.983333333333333,1,0.991666666666667,-0.801562657408642,-0.762201729245602,-0.781882193327122,"MappingB_First","PracticeWhitebad_and_TestWhitebad","PracticeWhitegood_and_TestWhitegood"
"3",120,0,0,17,572.558333333333,0.75,0.95,0.9,0.875,0.85,0.8875,0.85,0.9,0.875,-1.09297462596738,0.00626583645559948,-0.543354394755888,"MappingA_First","PracticeWhitebad_and_TestWhitebad","PracticeWhitegood_and_TestWhitegood"
"30",120,0,0,0,841.391666666667,1,1,0.975,0.975,1,0.975,0.983333333333333,0.983333333333333,0.983333333333333,-0.94300936324378,-0.641231048954038,-0.792120206098909,"MappingA_First","PracticeWhitebad_and_TestWhitebad","PracticeWhitegood_and_TestWhitegood"
"31",120,0,0,3,674.166666666667,1,1,0.975,0.975,1,0.975,0.983333333333333,0.983333333333333,0.983333333333333,-0.981188590693447,-0.916582420077187,-0.948885505385317,"MappingB_First","PracticeWhitebad_and_TestWhitebad","PracticeWhitegood_and_TestWhitegood"
"32",120,0,0,1,978.483333333333,1,1,0.975,1,1,0.9875,0.983333333333333,1,0.991666666666667,-0.568969460334235,-0.860456158069035,-0.714712809201635,"MappingA_First","PracticeWhitebad_and_TestWhitebad","PracticeWhitegood_and_TestWhitegood"
"33",120,0,1,5,711.575,1,0.9,0.925,0.975,0.95,0.95,0.95,0.95,0.95,0.408728452952387,-0.426170555819425,-0.00872105143351909,"MappingA_First","PracticeWhitebad_and_TestWhitebad","PracticeWhitegood_and_TestWhitegood"
"34",120,0,0,0,1029.39166666667,0.9,0.95,0.975,0.975,0.925,0.975,0.95,0.966666666666667,0.958333333333333,-0.937047486606979,-0.489550959354462,-0.713299222980721,"MappingB_First","PracticeWhitebad_and_TestWhitebad","PracticeWhitegood_and_TestWhitegood"
"35",120,0,0,0,776.541666666667,0.95,0.95,0.95,0.975,0.95,0.9625,0.95,0.966666666666667,0.958333333333333,-0.404120535515771,-0.320213801368447,-0.362167168442109,"MappingA_First","PracticeWhitebad_and_TestWhitebad","PracticeWhitegood_and_TestWhitegood"
"36",120,0,0,0,764.966666666667,1,1,0.85,1,1,0.925,0.9,1,0.95,0.429834326752584,-0.732035272074595,-0.151100472661005,"MappingB_First","PracticeWhitebad_and_TestWhitebad","PracticeWhitegood_and_TestWhitegood"
"37",120,0,0,1,868.758333333333,0.9,0.95,0.925,1,0.925,0.9625,0.916666666666667,0.983333333333333,0.95,-0.568394974428276,-0.788809727084355,-0.678602350756316,"MappingB_First","PracticeWhitebad_and_TestWhitebad","PracticeWhitegood_and_TestWhitegood"
"38",120,0,0,14,632.191666666667,0.95,0.95,0.95,0.95,0.95,0.95,0.95,0.95,0.95,-0.318222748637451,-0.468496480948494,-0.393359614792973,"MappingA_First","PracticeWhitebad_and_TestWhitebad","PracticeWhitegood_and_TestWhitegood"
"39",120,0,0,0,1001.675,0.95,1,0.95,1,0.975,0.975,0.95,1,0.975,-0.974510344499055,-0.895048187348294,-0.934779265923675,"MappingB_First","PracticeWhitebad_and_TestWhitebad","PracticeWhitegood_and_TestWhitegood"
"4",120,0,0,8,610.875,0.95,1,0.95,0.95,0.975,0.95,0.95,0.966666666666667,0.958333333333333,-0.706822386250782,0.13685556516821,-0.284983410541286,"MappingB_First","PracticeWhitebad_and_TestWhitebad","PracticeWhitegood_and_TestWhitegood"
"40",120,0,0,1,771.316666666667,0.95,1,0.95,0.975,0.975,0.9625,0.95,0.983333333333333,0.966666666666667,-0.880891816452108,-0.0503722655503725,-0.46563204100124,"MappingA_First","PracticeWhitebad_and_TestWhitebad","PracticeWhitegood_and_TestWhitegood"
"41",120,0,0,2,790.75,1,1,1,0.975,1,0.9875,1,0.983333333333333,0.991666666666667,-0.519313785321664,-0.579816077388814,-0.549564931355239,"MappingA_First","PracticeWhitebad_and_TestWhitebad","PracticeWhitegood_and_TestWhitegood"
"42",120,0,0,4,575.108333333333,0.75,1,0.975,0.95,0.875,0.9625,0.9,0.966666666666667,0.933333333333333,-0.253439510651648,0.213222557998721,-0.0201084763264631,"MappingB_First","PracticeWhitebad_and_TestWhitebad","PracticeWhitegood_and_TestWhitegood"
"43",120,0,0,2,686.833333333333,1,1,0.975,0.975,1,0.975,0.983333333333333,0.983333333333333,0.983333333333333,-0.361301622426297,-0.148689800123257,-0.254995711274777,"MappingA_First","PracticeWhitebad_and_TestWhitebad","PracticeWhitegood_and_TestWhitegood"
"44",120,0,0,7,768.308333333333,0.9,1,0.9,0.95,0.95,0.925,0.9,0.966666666666667,0.933333333333333,-0.510796519508089,-0.805440314103115,-0.658118416805602,"MappingB_First","PracticeWhitebad_and_TestWhitebad","PracticeWhitegood_and_TestWhitegood"
"45",120,0,0,4,788.375,0.95,0.95,0.975,0.975,0.95,0.975,0.966666666666667,0.966666666666667,0.966666666666667,-0.570107458871903,-0.551162783211206,-0.560635121041555,"MappingB_First","PracticeWhitebad_and_TestWhitebad","PracticeWhitegood_and_TestWhitegood"
"46",120,0,0,4,823.066666666667,0.8,0.9,0.95,0.925,0.85,0.9375,0.9,0.916666666666667,0.908333333333333,-0.40396546567436,-0.0793392146119402,-0.24165234014315,"MappingA_First","PracticeWhitebad_and_TestWhitebad","PracticeWhitegood_and_TestWhitegood"
"47",120,0,0,0,1119.75833333333,1,1,0.975,0.975,1,0.975,0.983333333333333,0.983333333333333,0.983333333333333,-0.983514494882175,-0.598772334400574,-0.791143414641374,"MappingB_First","PracticeWhitebad_and_TestWhitebad","PracticeWhitegood_and_TestWhitegood"
"48",120,0,0,0,674.825,0.95,1,0.975,0.975,0.975,0.975,0.966666666666667,0.983333333333333,0.975,-0.892323564111614,-0.730342429715753,-0.811332996913684,"MappingA_First","PracticeWhitebad_and_TestWhitebad","PracticeWhitegood_and_TestWhitegood"
"49",120,0,0,2,823.175,0.85,1,0.925,0.825,0.925,0.875,0.9,0.883333333333333,0.891666666666667,-0.661843594406549,0.274705031673851,-0.193569281366349,"MappingA_First","PracticeWhitebad_and_TestWhitebad","PracticeWhitegood_and_TestWhitegood"
"5",120,0,0,0,901.525,1,0.95,0.925,0.925,0.975,0.925,0.95,0.933333333333333,0.941666666666667,0.00315612091275359,-0.638678583662119,-0.317761231374683,"MappingB_First","PracticeWhitebad_and_TestWhitebad","PracticeWhitegood_and_TestWhitegood"
"50",120,0,0,3,774.825,0.95,1,0.925,0.975,0.975,0.95,0.933333333333333,0.983333333333333,0.958333333333333,-0.709778960523183,-0.353789724597966,-0.531784342560574,"MappingB_First","PracticeWhitebad_and_TestWhitebad","PracticeWhitegood_and_TestWhitegood"
"51",120,0,0,1,782.65,0.9,1,0.975,0.975,0.95,0.975,0.95,0.983333333333333,0.966666666666667,-1.13687787121001,-0.956368751077447,-1.04662331114373,"MappingA_First","PracticeWhitebad_and_TestWhitebad","PracticeWhitegood_and_TestWhitegood"
"52",120,0,0,0,873.591666666667,0.9,1,1,1,0.95,1,0.966666666666667,1,0.983333333333333,-0.857295695503777,-0.219769350895106,-0.538532523199441,"MappingB_First","PracticeWhitebad_and_TestWhitebad","PracticeWhitegood_and_TestWhitegood"
"53",120,0,0,0,869.633333333333,0.95,0.95,0.975,0.95,0.95,0.9625,0.966666666666667,0.95,0.958333333333333,0.15200795447949,-0.354820456760826,-0.101406251140668,"MappingB_First","PracticeWhitebad_and_TestWhitebad","PracticeWhitegood_and_TestWhitegood"
"54",120,0,1,1,788.441666666667,0.95,1,0.95,0.975,0.975,0.9625,0.95,0.983333333333333,0.966666666666667,-0.799627475152437,-0.291475273391143,-0.54555137427179,"MappingA_First","PracticeWhitebad_and_TestWhitebad","PracticeWhitegood_and_TestWhitegood"
"55",120,0,0,0,830.058333333333,0.95,1,0.925,0.95,0.975,0.9375,0.933333333333333,0.966666666666667,0.95,-0.376441652592568,-0.660480527125664,-0.518461089859116,"MappingB_First","PracticeWhitebad_and_TestWhitebad","PracticeWhitegood_and_TestWhitegood"
"56",120,0,0,0,871.741666666667,1,1,1,1,1,1,1,1,1,-0.65255818457094,-0.54260246791409,-0.597580326242515,"MappingA_First","PracticeWhitebad_and_TestWhitebad","PracticeWhitegood_and_TestWhitegood"
"57",120,0,0,5,607.916666666667,0.95,0.95,0.925,1,0.95,0.9625,0.933333333333333,0.983333333333333,0.958333333333333,-0.631660289832241,-0.914071912838137,-0.772866101335189,"MappingA_First","PracticeWhitebad_and_TestWhitebad","PracticeWhitegood_and_TestWhitegood"
"58",120,0,0,0,1097.625,0.85,1,1,1,0.925,1,0.95,1,0.975,0.00288151901054975,-0.0811971639042441,-0.0391578224468472,"MappingB_First","PracticeWhitebad_and_TestWhitebad","PracticeWhitegood_and_TestWhitegood"
"59",120,0,0,1,1238.39166666667,0.9,0.95,0.925,0.95,0.925,0.9375,0.916666666666667,0.95,0.933333333333333,-0.217218967750029,-0.0729774479077347,-0.145098207828882,"MappingA_First","PracticeWhitebad_and_TestWhitebad","PracticeWhitegood_and_TestWhitegood"
"6",120,0,0,0,893.966666666667,0.9,0.95,0.975,0.9,0.925,0.9375,0.95,0.916666666666667,0.933333333333333,-0.522726361976608,-0.0202731826857093,-0.271499772331159,"MappingA_First","PracticeWhitebad_and_TestWhitebad","PracticeWhitegood_and_TestWhitegood"
"60",120,0,0,5,609.15,0.9,1,0.775,0.875,0.95,0.825,0.816666666666667,0.916666666666667,0.866666666666667,-0.047225905726603,-0.347764974574441,-0.197495440150522,"MappingB_First","PracticeWhitebad_and_TestWhitebad","PracticeWhitegood_and_TestWhitegood"
"61",120,0,0,0,861.658333333333,1,1,0.975,1,1,0.9875,0.983333333333333,1,0.991666666666667,-0.792077564770998,-0.649802905111921,-0.72094023494146,"MappingB_First","PracticeWhitebad_and_TestWhitebad","PracticeWhitegood_and_TestWhitegood"
"62",120,0,0,0,1011.18333333333,1,1,0.975,1,1,0.9875,0.983333333333333,1,0.991666666666667,-0.88274775912115,-0.451639035120661,-0.667193397120905,"MappingA_First","PracticeWhitebad_and_TestWhitebad","PracticeWhitegood_and_TestWhitegood"
"63",120,0,0,0,846.1,0.95,1,0.95,1,0.975,0.975,0.95,1,0.975,-0.262583362336837,-0.652268853327469,-0.457426107832153,"MappingB_First","PracticeWhitebad_and_TestWhitebad","PracticeWhitegood_and_TestWhitegood"
"64",120,0,0,1,690.05,0.95,0.9,0.925,0.925,0.925,0.925,0.933333333333333,0.916666666666667,0.925,-0.588790948368187,-0.148527249933996,-0.368659099151092,"MappingA_First","PracticeWhitebad_and_TestWhitebad","PracticeWhitegood_and_TestWhitegood"
"65",120,0,1,1,724.016666666667,0.85,0.9,0.875,0.95,0.875,0.9125,0.866666666666667,0.933333333333333,0.9,0.0194212784221678,-0.15625910877134,-0.068418915174586,"MappingA_First","PracticeWhitebad_and_TestWhitebad","PracticeWhitegood_and_TestWhitegood"
"66",120,0,0,4,855.325,0.95,1,0.75,0.9,0.975,0.825,0.816666666666667,0.933333333333333,0.875,-0.0872135734322975,-0.680271685021943,-0.38374262922712,"MappingB_First","PracticeWhitebad_and_TestWhitebad","PracticeWhitegood_and_TestWhitegood"
"67",120,0,0,3,631.816666666667,1,1,0.975,0.975,1,0.975,0.983333333333333,0.983333333333333,0.983333333333333,0.0140260641445925,-0.134697329454042,-0.0603356326547246,"MappingA_First","PracticeWhitebad_and_TestWhitebad","PracticeWhitegood_and_TestWhitegood"
"68",120,0,1,1,674.075,0.95,1,0.925,0.95,0.975,0.9375,0.933333333333333,0.966666666666667,0.95,-0.405902283243085,-0.23544599888706,-0.320674141065073,"MappingB_First","PracticeWhitebad_and_TestWhitebad","PracticeWhitegood_and_TestWhitegood"
"69",120,0,0,2,714.075,0.85,0.85,0.8,0.95,0.85,0.875,0.816666666666667,0.916666666666667,0.866666666666667,-0.394413030076813,-0.973743113205467,-0.68407807164114,"MappingB_First","PracticeWhitebad_and_TestWhitebad","PracticeWhitegood_and_TestWhitegood"
"7",120,0,3,6,825.016666666667,0.75,0.8,0.875,0.7,0.775,0.7875,0.833333333333333,0.733333333333333,0.783333333333333,-1.41329117318674,0.0145586045402301,-0.699366284323257,"MappingB_First","PracticeWhitebad_and_TestWhitebad","PracticeWhitegood_and_TestWhitegood"
"70",120,0,0,0,809.858333333333,0.95,1,0.95,1,0.975,0.975,0.95,1,0.975,-0.854186006094626,-0.129830379283884,-0.492008192689255,"MappingA_First","PracticeWhitebad_and_TestWhitebad","PracticeWhitegood_and_TestWhitegood"
"71",120,0,0,0,970.066666666667,0.85,1,0.975,1,0.925,0.9875,0.933333333333333,1,0.966666666666667,-0.483743190349777,-0.72737294324059,-0.605558066795183,"MappingB_First","PracticeWhitebad_and_TestWhitebad","PracticeWhitegood_and_TestWhitegood"
"72",120,0,0,0,987.316666666667,0.9,1,0.85,0.975,0.95,0.9125,0.866666666666667,0.983333333333333,0.925,-1.16144869957782,-1.10044418707084,-1.13094644332433,"MappingA_First","PracticeWhitebad_and_TestWhitebad","PracticeWhitegood_and_TestWhitegood"
"73",120,0,0,0,880.775,0.95,1,0.95,1,0.975,0.975,0.95,1,0.975,-0.842046472863578,-0.475527542653898,-0.658787007758738,"MappingA_First","PracticeWhitebad_and_TestWhitebad","PracticeWhitegood_and_TestWhitegood"
"74",120,0,0,1,685.966666666667,0.9,1,0.95,0.95,0.95,0.95,0.933333333333333,0.966666666666667,0.95,-0.197360366736332,0.0744560273823264,-0.061452169677003,"MappingB_First","PracticeWhitebad_and_TestWhitebad","PracticeWhitegood_and_TestWhitegood"
"75",120,0,0,0,894.6,0.95,1,0.95,0.95,0.975,0.95,0.95,0.966666666666667,0.958333333333333,-0.67980362646053,-0.118755340206416,-0.399279483333473,"MappingA_First","PracticeWhitebad_and_TestWhitebad","PracticeWhitegood_and_TestWhitegood"
"76",120,0,0,4,641.125,0.95,0.95,0.925,0.975,0.95,0.95,0.933333333333333,0.966666666666667,0.95,0.096182081238784,-0.820366825296773,-0.362092372028994,"MappingB_First","PracticeWhitebad_and_TestWhitebad","PracticeWhitegood_and_TestWhitegood"
"77",120,0,0,0,939.841666666667,0.95,0.95,1,0.95,0.95,0.975,0.983333333333333,0.95,0.966666666666667,-0.930327538712923,-0.508772108997506,-0.719549823855214,"MappingB_First","PracticeWhitebad_and_TestWhitebad","PracticeWhitegood_and_TestWhitegood"
"78",120,0,1,10,727.45,0.75,0.9,0.875,0.9,0.825,0.8875,0.833333333333333,0.9,0.866666666666667,-0.617358702455397,-0.648834066802696,-0.633096384629046,"MappingA_First","PracticeWhitebad_and_TestWhitebad","PracticeWhitegood_and_TestWhitegood"
"79",120,0,0,1,811.541666666667,1,0.95,0.925,0.975,0.975,0.95,0.95,0.966666666666667,0.958333333333333,-0.295389904653099,-0.175276335191426,-0.235333119922263,"MappingB_First","PracticeWhitebad_and_TestWhitebad","PracticeWhitegood_and_TestWhitegood"
"8",120,1,0,0,1479.75833333333,0.65,1,0.75,0.9,0.825,0.825,0.716666666666667,0.933333333333333,0.825,-0.132244174901531,-0.411346604152138,-0.271795389526835,"MappingA_First","PracticeWhitebad_and_TestWhitebad","PracticeWhitegood_and_TestWhitegood"
"80",120,0,0,8,628.683333333333,0.9,0.95,0.9,0.925,0.925,0.9125,0.9,0.933333333333333,0.916666666666667,-0.545515681221133,-0.254026410589402,-0.399771045905267,"MappingA_First","PracticeWhitebad_and_TestWhitebad","PracticeWhitegood_and_TestWhitegood"
"81",120,0,1,10,922.35,0.6,0.9,0.9,0.9,0.75,0.9,0.8,0.9,0.85,-0.917142134297052,-0.831949253512194,-0.874545693904623,"MappingA_First","PracticeWhitebad_and_TestWhitebad","PracticeWhitegood_and_TestWhitegood"
"82",120,0,0,0,662.216666666667,0.95,1,0.875,0.975,0.975,0.925,0.9,0.983333333333333,0.941666666666667,-0.0891000420952339,-0.399326130372875,-0.244213086234055,"MappingB_First","PracticeWhitebad_and_TestWhitebad","PracticeWhitegood_and_TestWhitegood"
"83",120,0,0,0,664.983333333333,0.95,1,0.875,0.925,0.975,0.9,0.9,0.95,0.925,-0.840623460790242,-0.713345168493697,-0.776984314641969,"MappingA_First","PracticeWhitebad_and_TestWhitebad","PracticeWhitegood_and_TestWhitegood"
"84",120,0,0,1,806.35,0.9,1,0.95,0.975,0.95,0.9625,0.933333333333333,0.983333333333333,0.958333333333333,-0.292391751170617,-0.185242659542351,-0.238817205356484,"MappingB_First","PracticeWhitebad_and_TestWhitebad","PracticeWhitegood_and_TestWhitegood"
"85",120,0,0,2,741.275,0.9,0.95,0.95,0.95,0.925,0.95,0.933333333333333,0.95,0.941666666666667,-0.774036672991154,-0.811184593098178,-0.792610633044667,"MappingB_First","PracticeWhitebad_and_TestWhitebad","PracticeWhitegood_and_TestWhitegood"
"86",120,0,2,14,566.466666666667,0.85,0.95,0.975,0.925,0.9,0.95,0.933333333333333,0.933333333333333,0.933333333333333,-0.362367704170305,0.0880986825730892,-0.137134510798608,"MappingA_First","PracticeWhitebad_and_TestWhitebad","PracticeWhitegood_and_TestWhitegood"
"87",120,0,0,0,674.15,0.9,1,0.925,1,0.95,0.9625,0.916666666666667,1,0.958333333333333,-0.223826724518265,-0.635505117361348,-0.429665920939806,"MappingB_First","PracticeWhitebad_and_TestWhitebad","PracticeWhitegood_and_TestWhitegood"
"88",120,0,0,3,806.166666666667,0.85,0.95,1,1,0.9,1,0.95,0.983333333333333,0.966666666666667,-1.23687111392713,-1.12488500486242,-1.18087805939478,"MappingA_First","PracticeWhitebad_and_TestWhitebad","PracticeWhitegood_and_TestWhitegood"
"89",120,0,0,5,828.825,0.95,0.95,0.825,0.95,0.95,0.8875,0.866666666666667,0.95,0.908333333333333,-0.792510257386014,-0.810686088068844,-0.801598172727429,"MappingA_First","PracticeWhitebad_and_TestWhitebad","PracticeWhitegood_and_TestWhitegood"
"9",120,0,0,0,992.708333333333,0.9,1,0.95,0.975,0.95,0.9625,0.933333333333333,0.983333333333333,0.958333333333333,-0.899885494897382,-0.848047528149383,-0.873966511523382,"MappingA_First","PracticeWhitebad_and_TestWhitebad","PracticeWhitegood_and_TestWhitegood"
"90",120,0,0,1,845.841666666667,0.65,1,0.825,0.95,0.825,0.8875,0.766666666666667,0.966666666666667,0.866666666666667,-1.48207891592613,-0.869452975632204,-1.17576594577917,"MappingB_First","PracticeWhitebad_and_TestWhitebad","PracticeWhitegood_and_TestWhitegood"
"91",120,0,0,11,651.791666666667,0.85,0.85,0.925,0.925,0.85,0.925,0.9,0.9,0.9,0.119248799798589,-0.671480465126606,-0.276115832664008,"MappingA_First","PracticeWhitebad_and_TestWhitebad","PracticeWhitegood_and_TestWhitegood"
"92",120,0,0,3,664.675,0.95,0.95,0.925,0.975,0.95,0.95,0.933333333333333,0.966666666666667,0.95,0.526078138233109,0.33413747639401,0.430107807313559,"MappingB_First","PracticeWhitebad_and_TestWhitebad","PracticeWhitegood_and_TestWhitegood"
"93",120,0,0,3,733.65,0.9,1,0.825,0.975,0.95,0.9,0.85,0.983333333333333,0.916666666666667,-0.935548700341035,-1.15539187565712,-1.04547028799908,"MappingB_First","PracticeWhitebad_and_TestWhitebad","PracticeWhitegood_and_TestWhitegood"
"94",120,0,0,11,688.025,0.85,1,0.95,0.85,0.925,0.9,0.916666666666667,0.9,0.908333333333333,-1.13471899579,-0.0748842090472821,-0.604801602418641,"MappingA_First","PracticeWhitebad_and_TestWhitebad","PracticeWhitegood_and_TestWhitegood"
"95",120,0,0,0,763.766666666667,0.9,0.95,0.875,1,0.925,0.9375,0.883333333333333,0.983333333333333,0.933333333333333,-0.916707380034997,-1.07463957126103,-0.995673475648014,"MappingB_First","PracticeWhitebad_and_TestWhitebad","PracticeWhitegood_and_TestWhitegood"
"96",120,0,0,1,1051.06666666667,0.9,1,0.9,0.925,0.95,0.9125,0.9,0.95,0.925,-0.410771710830086,-0.295288929012997,-0.353030319921541,"MappingA_First","PracticeWhitebad_and_TestWhitebad","PracticeWhitegood_and_TestWhitegood"
"97",120,0,0,0,1004.71666666667,1,1,0.975,1,1,0.9875,0.983333333333333,1,0.991666666666667,-0.299300113250673,-0.152909140750478,-0.226104627000576,"MappingA_First","PracticeWhitebad_and_TestWhitebad","PracticeWhitegood_and_TestWhitegood"
"98",120,0,0,2,876.508333333333,0.85,0.95,0.9,0.975,0.9,0.9375,0.883333333333333,0.966666666666667,0.925,-0.921606052064521,-0.202860411961237,-0.562233232012879,"MappingB_First","PracticeWhitebad_and_TestWhitebad","PracticeWhitegood_and_TestWhitegood"
"99",120,0,3,18,691.991666666667,0.75,0.9,0.775,0.875,0.825,0.825,0.766666666666667,0.883333333333333,0.825,-0.972356391091898,-0.383520242121049,-0.677938316606474,"MappingA_First","PracticeWhitebad_and_TestWhitebad","PracticeWhitegood_and_TestWhitegood"
"9999999",61,2,0,1,2414.96721311475,1,0.6,NA,0.5,0.619047619047619,0.5,1,0.533333333333333,0.540983606557377,-3.01120096342246,NA,NA,"MappingB_First","PracticeWhitebad_and_TestWhitebad","PracticeWhitegood_and_TestWhitegood"
